Test Name,Test P,Test R,Test A,Test F,Test AUC,Test MCC,Test B,Oracle P,Oracle R,Oracle A,Oracle F,Oracle AUC,Oracle MCC,Oracle B,Importance0,Importance1,Importance2,Importance3,Importance4,Importance5,Importance6,Importance7,Importance8,Importance9,Importance10,Importance11,Importance12,Importance13,Importance14,Importance15,Importance16,Importance17,Importance18
Time-based 50%/50%,0.11408083441981746,0.47770700636942676,0.997355986238167,0.18417821434835993,0.9215731876309777,0.23254486152857218,0.003031965738709621,0.13280865715691098,0.5418060200668896,0.9983019417100419,0.2133263102449302,0.8866673723923075,0.2676777996094349,0.0021692590573571813,0.0,0.0,0.0,0.0,0.0,0.0,0.0,0.0,0.0,0.0,0.0,0.0,0.0,0.0,0.0,0.0,0.0,0.0,0.0
Time-based 50%/50%,0.11587693689647428,0.4695177434030937,0.997430457492263,0.18587896253602307,0.9148976480055662,0.23236072966819074,0.0029184903475671675,0.13564444444444446,0.5103678929765886,0.9984099534526237,0.21432584269662922,0.883228641624694,0.26255467996466303,0.002083261583869,0.0,0.0,0.0,0.0,0.0,0.0,0.0,0.0,0.0,0.0,0.0,0.0,0.0,0.0,0.0,0.0,0.0,0.0,0.0
Time-based 50%/50%,0.09641556450067089,0.45768880800727935,0.9969813560362647,0.15927802406586447,0.9157010660325285,0.20908171581225457,0.003153408078547785,0.08119885216282283,0.5110367892976588,0.9973349523725064,0.14013206162876007,0.8930871208118001,0.20295327677863317,0.002690676739212339,0.0,0.0,0.0,0.0,0.0,0.0,0.0,0.0,0.0,0.0,0.0,0.0,0.0,0.0,0.0,0.0,0.0,0.0,0.0
Time-based 50%/50%,0.10039333208466004,0.48771610555050043,0.9969495209963458,0.16651133892513204,0.9146725456687579,0.22030311571510008,0.0033021653900927894,0.09843205574912892,0.5290969899665552,0.997740564890044,0.1659846815654181,0.8949852931402951,0.2275337548291514,0.0024900751857763154,0.0,0.0,0.0,0.0,0.0,0.0,0.0,0.0,0.0,0.0,0.0,0.0,0.0,0.0,0.0,0.0,0.0,0.0,0.0
Time-based 50%/50%,0.08914798206278027,0.45222929936305734,0.9967710173796579,0.14893617021276595,0.9143302062355768,0.19975874153136972,0.0036434426239828578,0.06258590671675983,0.4568561872909699,0.9968614061537132,0.1100902643455835,0.884873296149217,0.1682426695142186,0.0034342048349107553,0.0,0.0,0.0,0.0,0.0,0.0,0.0,0.0,0.0,0.0,0.0,0.0,0.0,0.0,0.0,0.0,0.0,0.0,0.0
Time-based 50%/50%,0.12244897959183673,0.4913557779799818,0.9974821894321311,0.19604283899074243,0.918361001283074,0.24441894129044164,0.0031945049248210886,0.12426219322771047,0.5351170568561873,0.9981998990374449,0.20168914660279844,0.8840207441264221,0.25727419223826037,0.002333239939201649,0.0,0.0,0.0,0.0,0.0,0.0,0.0,0.0,0.0,0.0,0.0,0.0,0.0,0.0,0.0,0.0,0.0,0.0,0.0
Time-based 50%/50%,0.12624277456647398,0.4968152866242038,0.9975373322691334,0.20132743362831862,0.9214707395525696,0.24958379737895572,0.0031027027632172656,0.13657561625582945,0.5484949832775919,0.9983346294742443,0.218695826110148,0.8854312666499872,0.27313838459363016,0.002160237537386734,0.0,0.0,0.0,0.0,0.0,0.0,0.0,0.0,0.0,0.0,0.0,0.0,0.0,0.0,0.0,0.0,0.0,0.0,0.0
Time-based 50%/50%,0.09612546125461255,0.4740673339399454,0.9968864193993637,0.1598404663291916,0.9110767226969525,0.21247760156498638,0.003364942976431757,0.09286165508528112,0.4916387959866221,0.9977431230628947,0.15621679064824656,0.8839665208074969,0.2129760356320353,0.002578701576310337,0.0,0.0,0.0,0.0,0.0,0.0,0.0,0.0,0.0,0.0,0.0,0.0,0.0,0.0,0.0,0.0,0.0,0.0,0.0
Time-based 50%/50%,0.08369384359400998,0.45768880800727935,0.9965305491316993,0.141510761007174,0.9155436394013436,0.1946510159622505,0.0034379564449047145,0.06938775510204082,0.534448160535117,0.9967562368254098,0.12282859338970023,0.8805328693776258,0.19174786715422537,0.003057994745920753,0.0,0.0,0.0,0.0,0.0,0.0,0.0,0.0,0.0,0.0,0.0,0.0,0.0,0.0,0.0,0.0,0.0,0.0,0.0
Time-based 50%/50%,0.11488783140720599,0.46132848043676067,0.9974429641150883,0.18396226415094338,0.9118645452910411,0.22932698114491448,0.0032157620049229753,0.1354184567795154,0.5270903010033445,0.9983690226870138,0.21547716707683898,0.886402766932715,0.26660497184857634,0.0021993400626824262,0.0,0.0,0.0,0.0,0.0,0.0,0.0,0.0,0.0,0.0,0.0,0.0,0.0,0.0,0.0,0.0,0.0,0.0,0.0
Time-based 60%/40%,0.06570376663834608,0.540162980209546,0.9950307478251972,0.11715692463072845,0.9169689116024031,0.18716687525267497,0.004895514810827138,0.05614391411576962,0.5177257525083612,0.9960965124713769,0.10130227079379622,0.899045280609772,0.16956902142248895,0.0038731963894217923,0.0,0.0,0.0,0.0,0.0,0.0,0.0,0.0,0.0,0.0,0.0,0.0,0.0,0.0,0.0,0.0,0.0,0.0,0.0
Time-based 60%/40%,0.07172044525855996,0.5925494761350407,0.9950698310326352,0.12795374560080444,0.9220534609286657,0.20497561112267434,0.0036314026233060987,0.10210069240699449,0.5819397993311036,0.997647617943138,0.1737220447284345,0.9015179977647014,0.24308655828287484,0.0024479997370394227,0.0,0.0,0.0,0.0,0.0,0.0,0.0,0.0,0.0,0.0,0.0,0.0,0.0,0.0,0.0,0.0,0.0,0.0,0.0
Time-based 60%/40%,0.08429191023948708,0.5203725261932479,0.9962565393312082,0.14508276533592987,0.9238013805564463,0.20837524039005606,0.003956287103974011,0.07047387606318348,0.5431438127090301,0.9967616374125389,0.12475992932319276,0.894900494315675,0.19482716089285737,0.003265983166077846,0.0,0.0,0.0,0.0,0.0,0.0,0.0,0.0,0.0,0.0,0.0,0.0,0.0,0.0,0.0,0.0,0.0,0.0,0.0
Time-based 60%/40%,0.1454788121454788,0.5075669383003493,0.9978795583455439,0.22614107883817428,0.9006446666799466,0.2709667484021895,0.002697957264893794,0.18889925373134328,0.5418060200668896,0.9988167029358729,0.28013141967836763,0.9002670315737665,0.31945970130503865,0.001743426089307407,0.0,0.0,0.0,0.0,0.0,0.0,0.0,0.0,0.0,0.0,0.0,0.0,0.0,0.0,0.0,0.0,0.0,0.0,0.0
Time-based 60%/40%,0.09701037217815742,0.5552968568102444,0.9965734686133421,0.1651662049861496,0.9126811103385761,0.23111228442429493,0.0035857515116425828,0.09189541065422589,0.5665551839464883,0.9974367108036756,0.15814040328603435,0.9039385236971995,0.227466288530028,0.002712415727913451,0.0,0.0,0.0,0.0,0.0,0.0,0.0,0.0,0.0,0.0,0.0,0.0,0.0,0.0,0.0,0.0,0.0,0.0,0.0
Time-based 60%/40%,0.08527633851468049,0.459837019790454,0.9966594516697057,0.14387179020214896,0.9231743722807899,0.19699032089194846,0.0035424031695219017,0.07715538236726742,0.5297658862876254,0.9971075592302288,0.1346938775510204,0.8942329004498619,0.20139717598244883,0.0029187896889564064,0.0,0.0,0.0,0.0,0.0,0.0,0.0,0.0,0.0,0.0,0.0,0.0,0.0,0.0,0.0,0.0,0.0,0.0,0.0
Time-based 60%/40%,0.07274684712396186,0.5506402793946449,0.9954414768051822,0.1285151473984513,0.9219712239031075,0.19898475583749592,0.004541729621220793,0.06352812157292809,0.5424749163879599,0.9964074725934415,0.11373676460276277,0.9015210538506628,0.18477352629366856,0.003387526576513662,0.0,0.0,0.0,0.0,0.0,0.0,0.0,0.0,0.0,0.0,0.0,0.0,0.0,0.0,0.0,0.0,0.0,0.0,0.0
Time-based 60%/40%,0.09639056958063844,0.5378346915017462,0.9966402653678724,0.1634819532908705,0.9195117959038768,0.2267024081182019,0.003576484679043507,0.12179393228784992,0.5558528428093645,0.9981080890562503,0.19980764606876653,0.8983724153903595,0.25959042301553636,0.0022704221472828762,0.0,0.0,0.0,0.0,0.0,0.0,0.0,0.0,0.0,0.0,0.0,0.0,0.0,0.0,0.0,0.0,0.0,0.0,0.0
Time-based 60%/40%,0.11211832061068702,0.5471478463329453,0.99707870789495,0.18610176202732132,0.9192649081024418,0.24677442138329428,0.0031082554988593296,0.11805555555555555,0.545819397993311,0.9980742643263364,0.19412394433210417,0.9008214718929599,0.2532333922697505,0.0022163649289789825,0.0,0.0,0.0,0.0,0.0,0.0,0.0,0.0,0.0,0.0,0.0,0.0,0.0,0.0,0.0,0.0,0.0,0.0,0.0
Time-based 60%/40%,0.09545454545454546,0.5622817229336438,0.9964803795192624,0.16320324379118095,0.9206007771891426,0.2306768156071636,0.0036735772979935868,0.10553278688524591,0.551170568561873,0.9978241318698311,0.17714715683112975,0.8932831565433318,0.24052443274522356,0.0024828529022346397,0.0,0.0,0.0,0.0,0.0,0.0,0.0,0.0,0.0,0.0,0.0,0.0,0.0,0.0,0.0,0.0,0.0,0.0,0.0
Time-based 70%/30%,0.07999177462471725,0.572901325478645,0.9954862469811198,0.14038253338145074,0.9126822729001601,0.2129110598934449,0.004274108770351295,0.11484217595701814,0.5719063545150501,0.9979449344766661,0.1912751677852349,0.8977494871329209,0.25565571562625244,0.0022684858470020477,0.0,0.0,0.0,0.0,0.0,0.0,0.0,0.0,0.0,0.0,0.0,0.0,0.0,0.0,0.0,0.0,0.0,0.0,0.0
Time-based 70%/30%,0.07011747430249633,0.5625920471281296,0.9949187117043965,0.12469397747674228,0.9155662967490347,0.19736510572855254,0.004606391134337983,0.09259666080843586,0.5638795986622074,0.9974665561535995,0.15907161052929522,0.8972336295423459,0.22779708451541258,0.002590824810995989,0.0,0.0,0.0,0.0,0.0,0.0,0.0,0.0,0.0,0.0,0.0,0.0,0.0,0.0,0.0,0.0,0.0,0.0,0.0
Time-based 70%/30%,0.07917570498915401,0.5375552282768777,0.9956804785866761,0.13802231045566268,0.9141750434711976,0.20514199563574534,0.004328370963531811,0.09645808736717827,0.5464882943143813,0.9976319846646065,0.1639739086803813,0.9064605097054368,0.22890642316372609,0.002577798596191588,0.0,0.0,0.0,0.0,0.0,0.0,0.0,0.0,0.0,0.0,0.0,0.0,0.0,0.0,0.0,0.0,0.0,0.0,0.0
Time-based 70%/30%,0.05825242718446602,0.5478645066273933,0.9940110342501381,0.10530785562632697,0.9201631011558299,0.17726712908218736,0.005126775501593741,0.06045035514583648,0.5351170568561873,0.9962681942937965,0.10862923484282706,0.9022578599701089,0.1789661111360969,0.003355999133643058,0.0,0.0,0.0,0.0,0.0,0.0,0.0,0.0,0.0,0.0,0.0,0.0,0.0,0.0,0.0,0.0,0.0,0.0,0.0
Time-based 70%/30%,0.08000858000858001,0.5493372606774669,0.9956463696217979,0.13967421831117768,0.9119035463874297,0.20848876215565626,0.004073742994202025,0.0939165186500888,0.565886287625418,0.99749554877924,0.1610968294772922,0.9069023532193816,0.229834427073639,0.002572880404847021,0.0,0.0,0.0,0.0,0.0,0.0,0.0,0.0,0.0,0.0,0.0,0.0,0.0,0.0,0.0,0.0,0.0,0.0,0.0
Time-based 70%/30%,0.0742218675179569,0.5478645066273933,0.995312859742989,0.13073273589878753,0.9190992807683039,0.20044496406614892,0.004599037697991589,0.05610681453378082,0.51438127090301,0.9961164093713262,0.10117755410828234,0.9002282041414331,0.16896179670735215,0.003709590761646456,0.0,0.0,0.0,0.0,0.0,0.0,0.0,0.0,0.0,0.0,0.0,0.0,0.0,0.0,0.0,0.0,0.0,0.0,0.0
Time-based 70%/30%,0.07237871674491393,0.5449189985272459,0.9952143227333409,0.12778449317907098,0.9247295160003136,0.19737312007914362,0.0042593358253740395,0.1062295081967213,0.5418060200668896,0.9978681892911474,0.17763157894736842,0.9032928151692001,0.23925839230084664,0.0023142107733446883,0.0,0.0,0.0,0.0,0.0,0.0,0.0,0.0,0.0,0.0,0.0,0.0,0.0,0.0,0.0,0.0,0.0,0.0,0.0
Time-based 70%/30%,0.06172839506172839,0.5375552282768777,0.994445923552335,0.11074029126213593,0.9180537622571363,0.18082720960711465,0.004928930910844806,0.056959152798789714,0.5036789297658862,0.9962454549795687,0.10234454638124364,0.889582158839114,0.16846755490571372,0.003568486133781391,0.0,0.0,0.0,0.0,0.0,0.0,0.0,0.0,0.0,0.0,0.0,0.0,0.0,0.0,0.0,0.0,0.0,0.0,0.0
Time-based 70%/30%,0.082039911308204,0.5449189985272459,0.9957847004238038,0.14260936596646753,0.9178508847534051,0.210295100528402,0.003966221677753841,0.10457764289327263,0.5531772575250836,0.9977974131756134,0.17590130809316176,0.9071453555160235,0.23986352860862506,0.002385259935367338,0.0,0.0,0.0,0.0,0.0,0.0,0.0,0.0,0.0,0.0,0.0,0.0,0.0,0.0,0.0,0.0,0.0,0.0,0.0
Time-based 70%/30%,0.06658177187556849,0.5390279823269514,0.9948419665334206,0.11852331606217617,0.9239174858672164,0.188165629467436,0.0047430224071979155,0.05564296953225576,0.5204013377926422,0.9960430750829417,0.10053627964075726,0.8998076843736047,0.16923958982916673,0.0035244568183265047,0.0,0.0,0.0,0.0,0.0,0.0,0.0,0.0,0.0,0.0,0.0,0.0,0.0,0.0,0.0,0.0,0.0,0.0,0.0
Time-based 80%/20%,0.08338678640153944,0.5689277899343544,0.9956582109555204,0.14545454545454545,0.9403274306175013,0.21666399197223357,0.0043865972911178944,0.09618980832164563,0.5505016722408027,0.9976109507989458,0.16376479952243558,0.8996931713090659,0.22942568459035195,0.0025781836352268632,0.0,0.0,0.0,0.0,0.0,0.0,0.0,0.0,0.0,0.0,0.0,0.0,0.0,0.0,0.0,0.0,0.0,0.0,0.0
Time-based 80%/20%,0.08202764976958525,0.5842450765864332,0.9954834024277067,0.14385775862068967,0.9403720830478568,0.21775753564204858,0.0041301408087237946,0.12097717963721474,0.5531772575250836,0.9981021199862654,0.19853558996519025,0.892111027365209,0.25808950731463515,0.0021830348055268327,0.0,0.0,0.0,0.0,0.0,0.0,0.0,0.0,0.0,0.0,0.0,0.0,0.0,0.0,0.0,0.0,0.0,0.0,0.0
Time-based 80%/20%,0.06832943621719927,0.5754923413566739,0.9946278354866996,0.12215513237343242,0.9299180058894903,0.1970189659818442,0.00494094706774266,0.06336570609775513,0.5324414715719064,0.9964569306018869,0.11325318346731164,0.8822131129333162,0.18281416922545823,0.003353548237839046,0.0,0.0,0.0,0.0,0.0,0.0,0.0,0.0,0.0,0.0,0.0,0.0,0.0,0.0,0.0,0.0,0.0,0.0,0.0
Time-based 80%/20%,0.06935182715390771,0.5689277899343544,0.9947614289957606,0.12363290537327626,0.9315687936988322,0.19736597213100993,0.004999818576947427,0.09651504865354152,0.5705685618729097,0.9975478492019638,0.16510210006774412,0.8846304571468925,0.23397721342188488,0.002702754318687753,0.0,0.0,0.0,0.0,0.0,0.0,0.0,0.0,0.0,0.0,0.0,0.0,0.0,0.0,0.0,0.0,0.0,0.0,0.0
Time-based 80%/20%,0.06523297491039426,0.5973741794310722,0.9941787339030481,0.11762171477811288,0.9455366583258826,0.19608644371351824,0.005222510213262243,0.06228453229142726,0.5438127090301004,0.9963270322693608,0.11176794061039319,0.8943702776670742,0.1831644020348042,0.003441256523313057,0.0,0.0,0.0,0.0,0.0,0.0,0.0,0.0,0.0,0.0,0.0,0.0,0.0,0.0,0.0,0.0,0.0,0.0,0.0
Time-based 80%/20%,0.0798780487804878,0.5733041575492341,0.9954336601636947,0.14021942734814022,0.9355692316654537,0.2128218727557428,0.004260283808586848,0.06803212126680502,0.5043478260869565,0.9968534473937335,0.1198918747018604,0.898954646937766,0.18440739605006098,0.0029770048430469006,0.0,0.0,0.0,0.0,0.0,0.0,0.0,0.0,0.0,0.0,0.0,0.0,0.0,0.0,0.0,0.0,0.0,0.0,0.0
Time-based 80%/20%,0.06159925615992562,0.5798687089715536,0.9939897132998023,0.11136793444000842,0.9426975009607166,0.1876384927892142,0.005239401981890694,0.07440359796636684,0.5090301003344482,0.9971004531945326,0.12983024822997524,0.8854675633532664,0.19382318031656887,0.0028565519574167064,0.0,0.0,0.0,0.0,0.0,0.0,0.0,0.0,0.0,0.0,0.0,0.0,0.0,0.0,0.0,0.0,0.0,0.0,0.0
Time-based 80%/20%,0.06560975609756098,0.5886214442013129,0.9942881668838746,0.11806012727671715,0.9343420895849925,0.1952053425036683,0.0052423161619360725,0.0690893169877408,0.5277591973244147,0.9967775549324983,0.1221835075493612,0.8870976688010996,0.19012632010116046,0.0030969870283853195,0.0,0.0,0.0,0.0,0.0,0.0,0.0,0.0,0.0,0.0,0.0,0.0,0.0,0.0,0.0,0.0,0.0,0.0,0.0
Time-based 80%/20%,0.06507537688442211,0.5667396061269147,0.9944302876381946,0.11674554879423034,0.9476587270357318,0.19072897305371248,0.004936965350209471,0.08589968070862086,0.5578595317725753,0.9972894737440509,0.14887540164227062,0.8922439225005397,0.2181709011643424,0.0028559010737715484,0.0,0.0,0.0,0.0,0.0,0.0,0.0,0.0,0.0,0.0,0.0,0.0,0.0,0.0,0.0,0.0,0.0,0.0,0.0
Time-based 80%/20%,0.06492855352218602,0.5667396061269147,0.9944174967703059,0.11650922177237966,0.9272495587270015,0.1905105720063552,0.004800032952801775,0.06282082620386213,0.5157190635451505,0.9965248643031424,0.11199883788495062,0.894254839711891,0.17912733202212053,0.003279482673878513,0.0,0.0,0.0,0.0,0.0,0.0,0.0,0.0,0.0,0.0,0.0,0.0,0.0,0.0,0.0,0.0,0.0,0.0,0.0
Time-based 90%/10%,0.054608999563128,0.6510416666666666,0.993658580954709,0.1007658202337767,0.9465608516863753,0.18733134900771645,0.006547820565500896,0.058111031002162944,0.5391304347826087,0.99609082764282,0.10491376505043931,0.875750808512059,0.1760916698204859,0.0035763704425184734,0.0,0.0,0.0,0.0,0.0,0.0,0.0,0.0,0.0,0.0,0.0,0.0,0.0,0.0,0.0,0.0,0.0,0.0,0.0
Time-based 90%/10%,0.059694364851957976,0.6510416666666666,0.9942128511088245,0.10936132983377077,0.9452590571930465,0.1959734408534963,0.005435059637748909,0.07464629806440413,0.5752508361204013,0.99678920883104,0.13214505224339274,0.8875294685257188,0.20642293384561006,0.0030147343304362537,0.0,0.0,0.0,0.0,0.0,0.0,0.0,0.0,0.0,0.0,0.0,0.0,0.0,0.0,0.0,0.0,0.0,0.0,0.0
Time-based 90%/10%,0.06458557588805167,0.625,0.9948552360053892,0.11707317073170732,0.9430532897661884,0.19979784827512587,0.005112938657620396,0.09530926649804553,0.5545150501672241,0.9975739994133257,0.16266064946531933,0.8903082816870039,0.22919935940817057,0.0025372331160062114,0.0,0.0,0.0,0.0,0.0,0.0,0.0,0.0,0.0,0.0,0.0,0.0,0.0,0.0,0.0,0.0,0.0,0.0,0.0
Time-based 90%/10%,0.05957230142566192,0.609375,0.9945368859681536,0.10853432282003711,0.9465456246338398,0.18936588801000015,0.005994582717624866,0.060358641739793974,0.5290969899665552,0.9962997450922875,0.10835616438356165,0.8695251313468588,0.17781634798129844,0.003496848307706289,0.0,0.0,0.0,0.0,0.0,0.0,0.0,0.0,0.0,0.0,0.0,0.0,0.0,0.0,0.0,0.0,0.0,0.0,0.0
Time-based 90%/10%,0.0743362831858407,0.65625,0.9953526579385699,0.13354531001589823,0.9421709353960598,0.2198377067686311,0.005317450417057416,0.1066303809995052,0.5765886287625418,0.9977672835842617,0.17997703309322477,0.8903315324392117,0.2473040051832857,0.0024717714336801797,0.0,0.0,0.0,0.0,0.0,0.0,0.0,0.0,0.0,0.0,0.0,0.0,0.0,0.0,0.0,0.0,0.0,0.0,0.0
Time-based 90%/10%,0.05761676123963335,0.6875,0.99369268988727,0.1063229963753524,0.9326100053822003,0.19784030372107025,0.006143164144338191,0.08130978660779985,0.591304347826087,0.9969873251062494,0.142961106169645,0.8836995708333368,0.2185071559202884,0.0029520990991342244,0.0,0.0,0.0,0.0,0.0,0.0,0.0,0.0,0.0,0.0,0.0,0.0,0.0,0.0,0.0,0.0,0.0,0.0,0.0
Time-based 90%/10%,0.0665907797381901,0.609375,0.9951252650548301,0.12006157003591586,0.9458784930977016,0.20034622674737093,0.004967022477486984,0.10887620036335323,0.5612040133779265,0.9978616517383069,0.18237148136072168,0.8912102338072289,0.24654542807572644,0.0024091297455887343,0.0,0.0,0.0,0.0,0.0,0.0,0.0,0.0,0.0,0.0,0.0,0.0,0.0,0.0,0.0,0.0,0.0,0.0,0.0
Time-based 90%/10%,0.05933952528379773,0.5989583333333334,0.9945994190111821,0.10798122065727701,0.9415195419370802,0.1873594892424354,0.005511822017376114,0.059898400181969826,0.5284280936454849,0.9962753003294926,0.10760010896213566,0.8817177546284978,0.1770175869576035,0.0036613920283116758,0.0,0.0,0.0,0.0,0.0,0.0,0.0,0.0,0.0,0.0,0.0,0.0,0.0,0.0,0.0,0.0,0.0,0.0,0.0
Time-based 90%/10%,0.054464285714285715,0.6354166666666666,0.9937808046297191,0.10032894736842105,0.9414266539541516,0.1848064297313881,0.006179892392854655,0.08455412447153672,0.5752508361204013,0.9971729347586336,0.14743699639979427,0.8803658809185994,0.21980060601287987,0.0028971028933845355,0.0,0.0,0.0,0.0,0.0,0.0,0.0,0.0,0.0,0.0,0.0,0.0,0.0,0.0,0.0,0.0,0.0,0.0,0.0
Time-based 90%/10%,0.05565449688334818,0.6510416666666666,0.9937808046297191,0.1025430680885972,0.9283507040230702,0.18914031848246352,0.006037437386913415,0.08213980840368017,0.5792642140468227,0.9970706078446087,0.14387772055158665,0.8862384721166426,0.2173734992095253,0.002853321729479033,0.0,0.0,0.0,0.0,0.0,0.0,0.0,0.0,0.0,0.0,0.0,0.0,0.0,0.0,0.0,0.0,0.0,0.0,0.0
Random 90%/10%,0.11247165532879819,0.7126436781609196,0.9941531604768429,0.19428123775949863,0.9504343907041318,0.2816446564272026,0.005083406077811272,0.07191780821917808,0.5899665551839465,0.996590524072975,0.12820699178719386,0.8849135183832153,0.2051675952427625,0.0031229097125952884,0.0,0.0,0.0,0.0,0.0,0.0,0.0,0.0,0.0,0.0,0.0,0.0,0.0,0.0,0.0,0.0,0.0,0.0,0.0
Random 90%/10%,0.11837121212121213,0.7062146892655368,0.9944118198820968,0.20275750202757503,0.9448561143330759,0.28768023919226127,0.005115113692302816,0.08451690338067613,0.5652173913043478,0.9972135812828157,0.14704602801705383,0.8827027774306282,0.21782149246955976,0.0027810650633721384,0.0,0.0,0.0,0.0,0.0,0.0,0.0,0.0,0.0,0.0,0.0,0.0,0.0,0.0,0.0,0.0,0.0,0.0,0.0
Random 90%/10%,0.1228235294117647,0.7073170731707317,0.9943947654158163,0.2093023255813954,0.9432527828102335,0.29326938455415286,0.0051905276514211595,0.08006535947712418,0.557190635451505,0.9970913574688415,0.1400117656945962,0.8788770549181111,0.21044979795718258,0.002899851575623541,0.0,0.0,0.0,0.0,0.0,0.0,0.0,0.0,0.0,0.0,0.0,0.0,0.0,0.0,0.0,0.0,0.0,0.0,0.0
Random 90%/10%,0.12119794103883949,0.7214484679665738,0.9943777109495359,0.20753205128205127,0.9552927584883993,0.29425440897654,0.005131218476285709,0.06849664315458485,0.5391304347826087,0.9966885873655822,0.12155029407329213,0.8812064149741767,0.19133688025341772,0.0032042824868583975,0.0,0.0,0.0,0.0,0.0,0.0,0.0,0.0,0.0,0.0,0.0,0.0,0.0,0.0,0.0,0.0,0.0,0.0,0.0
Random 90%/10%,0.12245841035120147,0.7123655913978495,0.9942981234402269,0.20899053627760253,0.9386124405544395,0.29386581119820676,0.005229595727397167,0.1026477600702723,0.5471571906354515,0.9977749581028136,0.17286559594251902,0.8859815551850069,0.23632729703360222,0.002496110936255017,0.0,0.0,0.0,0.0,0.0,0.0,0.0,0.0,0.0,0.0,0.0,0.0,0.0,0.0,0.0,0.0,0.0,0.0,0.0
Random 90%/10%,0.13004719454640798,0.6813186813186813,0.9949547203920254,0.21840598855129897,0.93791458932304,0.2962522557325294,0.004579001533150545,0.09439593235326628,0.57123745819398,0.9974890112263994,0.16201859229747675,0.876250351507186,0.2315138207412655,0.0025404533111238305,0.0,0.0,0.0,0.0,0.0,0.0,0.0,0.0,0.0,0.0,0.0,0.0,0.0,0.0,0.0,0.0,0.0,0.0,0.0
Random 90%/10%,0.1111111111111111,0.7142857142857143,0.9937921742739061,0.19230769230769232,0.9433837367640185,0.28017259520919574,0.005635218769542822,0.08379392025266483,0.5678929765886288,0.9971777668629069,0.14603939107250366,0.8833686482893657,0.21739524718884767,0.0029164189669375214,0.0,0.0,0.0,0.0,0.0,0.0,0.0,0.0,0.0,0.0,0.0,0.0,0.0,0.0,0.0,0.0,0.0,0.0,0.0
Random 90%/10%,0.11105882352941177,0.7195121951219512,0.9943691837163956,0.1924174480228292,0.9605045201467276,0.28128887021139576,0.00499099098615396,0.06385913664394677,0.5264214046822743,0.9965194637160133,0.1139011505897677,0.8976501440819373,0.18248744090705707,0.00321885216376849,0.0,0.0,0.0,0.0,0.0,0.0,0.0,0.0,0.0,0.0,0.0,0.0,0.0,0.0,0.0,0.0,0.0,0.0,0.0
Random 90%/10%,0.12796649604467195,0.7161458333333334,0.9943634988943021,0.21713383339913148,0.9528732829084027,0.30122867080790217,0.0049138725366141495,0.09141097781080794,0.5759197324414715,0.9973872527952302,0.1577789994502474,0.8810775594948889,0.22873413786809388,0.002595949833389456,0.0,0.0,0.0,0.0,0.0,0.0,0.0,0.0,0.0,0.0,0.0,0.0,0.0,0.0,0.0,0.0,0.0,0.0,0.0
Random 90%/10%,0.10203298810893748,0.7535410764872521,0.9930986259785,0.17972972972972973,0.967410892579017,0.2757178902248606,0.005743392739807387,0.05909617612977984,0.545819397993311,0.9961141354399035,0.10664575573416978,0.8821365220019801,0.1786965863513658,0.0034740292439997362,0.0,0.0,0.0,0.0,0.0,0.0,0.0,0.0,0.0,0.0,0.0,0.0,0.0,0.0,0.0,0.0,0.0,0.0,0.0
Random 80%/20%,0.10830399668668461,0.7376586741889986,0.9936159447890078,0.18887685084868183,0.9493015425293694,0.28112846198803343,0.005789965420348684,0.05546330122882763,0.5585284280936454,0.9957704875536364,0.10090634441087613,0.8806503729060645,0.17506881297602614,0.0040138004468639335,0.0,0.0,0.0,0.0,0.0,0.0,0.0,0.0,0.0,0.0,0.0,0.0,0.0,0.0,0.0,0.0,0.0,0.0,0.0
Random 80%/20%,0.10835648642872409,0.7041666666666667,0.9937680137800088,0.1878125578810891,0.950318260197478,0.274672735570771,0.005494460559580119,0.05803974706413731,0.5157190635451505,0.996237496219589,0.10433723526625618,0.8850580095073795,0.17210429414109246,0.003516603955220425,0.0,0.0,0.0,0.0,0.0,0.0,0.0,0.0,0.0,0.0,0.0,0.0,0.0,0.0,0.0,0.0,0.0,0.0,0.0
Random 80%/20%,0.10657267261040845,0.7079889807162535,0.99357472982883,0.1852586051540818,0.9403608047183345,0.273104428759329,0.005550292847898626,0.06479705976350272,0.5424749163879599,0.9964785329504032,0.11576618371279711,0.8765001288536722,0.18662772952641352,0.0032673082254278,0.0,0.0,0.0,0.0,0.0,0.0,0.0,0.0,0.0,0.0,0.0,0.0,0.0,0.0,0.0,0.0,0.0,0.0,0.0
Random 80%/20%,0.11042208441688338,0.739946380697051,0.9934041851660252,0.19216710182767624,0.9525839595162598,0.28426059502527984,0.005894176350869229,0.06718202103920944,0.5638795986622074,0.9964876286760944,0.12005981627857296,0.8668002461101194,0.1937903561932147,0.003398958801779071,0.0,0.0,0.0,0.0,0.0,0.0,0.0,0.0,0.0,0.0,0.0,0.0,0.0,0.0,0.0,0.0,0.0,0.0,0.0
Random 80%/20%,0.10992505110152169,0.7202380952380952,0.9941631089155065,0.19073891625615763,0.94135901536647,0.27994146400794495,0.005086880602863426,0.09766606822262118,0.545819397993311,0.9976641039459532,0.16568527918781725,0.8844249920006945,0.23020312381802296,0.0024493236348612215,0.0,0.0,0.0,0.0,0.0,0.0,0.0,0.0,0.0,0.0,0.0,0.0,0.0,0.0,0.0,0.0,0.0,0.0,0.0
Random 80%/20%,0.09469417833456154,0.6936572199730094,0.9926935824043387,0.1666396498622143,0.9456010763873531,0.25455849557036503,0.00624692499436401,0.05185370741482966,0.5538461538461539,0.9955069957500222,0.09482906717058925,0.8877258784932083,0.1684965030801498,0.004001899709298338,0.0,0.0,0.0,0.0,0.0,0.0,0.0,0.0,0.0,0.0,0.0,0.0,0.0,0.0,0.0,0.0,0.0,0.0,0.0
Random 80%/20%,0.09776645768025079,0.7190201729106628,0.9931782134878089,0.1721283201103829,0.9407361256974053,0.26354635891927486,0.005917965098070615,0.05661411925976696,0.5525083612040134,0.995897543471884,0.10270438296549578,0.8896462389720426,0.17593588309172864,0.0038535191900943445,0.0,0.0,0.0,0.0,0.0,0.0,0.0,0.0,0.0,0.0,0.0,0.0,0.0,0.0,0.0,0.0,0.0,0.0,0.0
Random 80%/20%,0.1076544315129812,0.7211394302848576,0.9940693093509638,0.18734177215189873,0.957383932702727,0.2771875374322362,0.005486496472320302,0.06934178106300598,0.5270903010033445,0.9967929039696021,0.12256007465588305,0.8804534962611056,0.19035540552601038,0.003162470604369525,0.0,0.0,0.0,0.0,0.0,0.0,0.0,0.0,0.0,0.0,0.0,0.0,0.0,0.0,0.0,0.0,0.0,0.0,0.0
Random 80%/20%,0.10062769713613182,0.7075862068965517,0.993182477104379,0.17619783616692428,0.9428940913856412,0.2652048499163881,0.0061197096562650285,0.059477215543751745,0.5692307692307692,0.9959919116259291,0.10770106941719927,0.8931198987460347,0.18309762750946817,0.0038763930101991238,0.0,0.0,0.0,0.0,0.0,0.0,0.0,0.0,0.0,0.0,0.0,0.0,0.0,0.0,0.0,0.0,0.0,0.0,0.0
Random 80%/20%,0.11852006688963211,0.7241379310344828,0.9936997959148869,0.20370037722292078,0.963160834181987,0.2913619810329408,0.005571277328064469,0.06455464459126005,0.5424749163879599,0.9964651736032945,0.11537914354815763,0.8875904579546716,0.18627493274729984,0.0033748554307036667,0.0,0.0,0.0,0.0,0.0,0.0,0.0,0.0,0.0,0.0,0.0,0.0,0.0,0.0,0.0,0.0,0.0,0.0,0.0
Random 70%/30%,0.11194930597465298,0.6934579439252336,0.9941124136735261,0.19277734476487396,0.9507084322949794,0.2771138014095916,0.005277968618268738,0.09841764564852554,0.5491638795986622,0.9976706414987937,0.16692080918979366,0.8825136051009622,0.23180138899354435,0.0025550637068252812,0.0,0.0,0.0,0.0,0.0,0.0,0.0,0.0,0.0,0.0,0.0,0.0,0.0,0.0,0.0,0.0,0.0,0.0,0.0
Random 70%/30%,0.09358942989968191,0.7244318181818182,0.9927044714010541,0.1657638136511376,0.952192496854047,0.25873186877558285,0.006276866553307265,0.05460660819099123,0.5538461538461539,0.995735810099439,0.09941169408092208,0.8946102087561496,0.17296353285515906,0.0037154024479545624,0.0,0.0,0.0,0.0,0.0,0.0,0.0,0.0,0.0,0.0,0.0,0.0,0.0,0.0,0.0,0.0,0.0,0.0,0.0
Random 70%/30%,0.10844181988994765,0.7345454545454545,0.9934292869047157,0.18898374459127587,0.9665202231880993,0.2806586637532887,0.00586088284158412,0.08003857280617165,0.5551839464882943,0.9970993162288212,0.1399072903497682,0.8833104269701406,0.21003395840232103,0.0030642619883349525,0.0,0.0,0.0,0.0,0.0,0.0,0.0,0.0,0.0,0.0,0.0,0.0,0.0,0.0,0.0,0.0,0.0,0.0,0.0
Random 70%/30%,0.10409239982888921,0.6880301602262017,0.9937334251748795,0.18082734703988113,0.945764939713176,0.2660509193381103,0.005651602604865169,0.07371854613233923,0.5290969899665552,0.9969748184834242,0.1294069529652352,0.8832436663186704,0.19669844886907767,0.003089916493389945,0.0,0.0,0.0,0.0,0.0,0.0,0.0,0.0,0.0,0.0,0.0,0.0,0.0,0.0,0.0,0.0,0.0,0.0,0.0
Random 70%/30%,0.1029154910654306,0.7309160305343512,0.9934065475947969,0.18042633376516312,0.95305850668048,0.27271943494115636,0.005749213391876356,0.07034153247212882,0.5317725752508361,0.9968145063181184,0.12424787059467061,0.8844972311432271,0.19258759300154232,0.0031497347466019478,0.0,0.0,0.0,0.0,0.0,0.0,0.0,0.0,0.0,0.0,0.0,0.0,0.0,0.0,0.0,0.0,0.0,0.0,0.0
Random 70%/30%,0.10113237016790316,0.7378917378917379,0.9931952615068014,0.1778846153846154,0.948702738911846,0.27160577441704276,0.005986545159459815,0.07630558311536033,0.565886287625418,0.996904610850746,0.13447782546494993,0.8880128115262438,0.20701180613923956,0.003189769560765882,0.0,0.0,0.0,0.0,0.0,0.0,0.0,0.0,0.0,0.0,0.0,0.0,0.0,0.0,0.0,0.0,0.0,0.0,0.0
Random 70%/30%,0.10009367054730363,0.7248062015503876,0.9933591740324661,0.175896531452087,0.9493268285247797,0.26779735466392596,0.005864891466821644,0.05404684059518249,0.5418060200668896,0.9957756038993376,0.09828904259191847,0.8857380595816532,0.17017597772571585,0.0041035464556805614,0.0,0.0,0.0,0.0,0.0,0.0,0.0,0.0,0.0,0.0,0.0,0.0,0.0,0.0,0.0,0.0,0.0,0.0,0.0
Random 70%/30%,0.09744535159336318,0.7007575757575758,0.9932066311617608,0.17109826589595376,0.9480626506245705,0.25969743925532074,0.0058064567978512276,0.061233480176211455,0.5578595317725753,0.9961778055197411,0.11035395302679457,0.8872385655481921,0.183936158075469,0.003474501450645083,0.0,0.0,0.0,0.0,0.0,0.0,0.0,0.0,0.0,0.0,0.0,0.0,0.0,0.0,0.0,0.0,0.0,0.0,0.0
Random 70%/30%,0.09748705644652103,0.7168059424326834,0.992939444270215,0.17163183637172078,0.9432717846756109,0.2627008793054244,0.006143336498636807,0.054597509820893536,0.5484949832775919,0.9957721930022034,0.09930967663800412,0.8776218582916334,0.1721078296033273,0.004141411732679075,0.0,0.0,0.0,0.0,0.0,0.0,0.0,0.0,0.0,0.0,0.0,0.0,0.0,0.0,0.0,0.0,0.0,0.0,0.0
Random 70%/30%,0.10136054421768707,0.7081749049429658,0.9934510787433878,0.17733872887407762,0.9462765502592787,0.26634647112962556,0.005672531984329957,0.05674653215636822,0.5418060200668896,0.9959782680373925,0.10273321072991311,0.8904784043127335,0.1744224071757834,0.003724706851247322,0.0,0.0,0.0,0.0,0.0,0.0,0.0,0.0,0.0,0.0,0.0,0.0,0.0,0.0,0.0,0.0,0.0,0.0,0.0
Random 60%/40%,0.10456692913385827,0.7063829787234043,0.9936450749864097,0.18216735253772293,0.9443307943136795,0.27022672138472015,0.00568025119338742,0.05939236486974093,0.5505016722408027,0.9961041869899288,0.10721730067743615,0.8883767607976553,0.17991834019008404,0.0035957173450075737,0.0,0.0,0.0,0.0,0.0,0.0,0.0,0.0,0.0,0.0,0.0,0.0,0.0,0.0,0.0,0.0,0.0,0.0,0.0
Random 60%/40%,0.09819697557192711,0.7005532503457814,0.9930815665959617,0.17224961741200479,0.9351866555709947,0.26062864984031175,0.00599951389730467,0.07621308016877637,0.579933110367893,0.9968344032180677,0.13472146686349157,0.8768627004422173,0.20944549521484762,0.0031613073466576144,0.0,0.0,0.0,0.0,0.0,0.0,0.0,0.0,0.0,0.0,0.0,0.0,0.0,0.0,0.0,0.0,0.0,0.0,0.0
Random 60%/40%,0.09602336977007161,0.7160927617709065,0.9928960991433677,0.16933942667220606,0.950197060989589,0.26057865797343943,0.006267644298434067,0.052012078634374806,0.5645484949832776,0.9954424729459009,0.09524884324568332,0.8874102733746687,0.1703868726131108,0.004250815629098869,0.0,0.0,0.0,0.0,0.0,0.0,0.0,0.0,0.0,0.0,0.0,0.0,0.0,0.0,0.0,0.0,0.0,0.0,0.0
Random 60%/40%,0.08769121309142654,0.701280227596017,0.9924121783187837,0.1558893280632411,0.9503146768410639,0.24626707264672124,0.006349257780511584,0.06020983401190103,0.51438127090301,0.9963818908649353,0.10780121959767294,0.8905703780062493,0.17509847380593252,0.0034762402724616425,0.0,0.0,0.0,0.0,0.0,0.0,0.0,0.0,0.0,0.0,0.0,0.0,0.0,0.0,0.0,0.0,0.0,0.0,0.0
Random 60%/40%,0.1231293344689135,0.7032661570535094,0.9945752546624457,0.20956719817767655,0.952528784491286,0.2928282511311894,0.0047660748326152505,0.08234385558451587,0.5705685618729097,0.9971155179902085,0.14391766492323266,0.8787981656929635,0.21600068484058677,0.0027148026200799007,0.0,0.0,0.0,0.0,0.0,0.0,0.0,0.0,0.0,0.0,0.0,0.0,0.0,0.0,0.0,0.0,0.0,0.0,0.0
Random 60%/40%,0.12147658922042694,0.7172701949860725,0.9944182113405176,0.20776601109430157,0.9514470624872183,0.29373664660472726,0.005300761261289229,0.0742082288474041,0.534448160535117,0.9969688494134394,0.13032131789267656,0.8785895987155703,0.19835476653556947,0.0032280078278217102,0.0,0.0,0.0,0.0,0.0,0.0,0.0,0.0,0.0,0.0,0.0,0.0,0.0,0.0,0.0,0.0,0.0,0.0,0.0
Random 60%/40%,0.11643356643356643,0.7010526315789474,0.9943101996439878,0.1997001499250375,0.9413297976808606,0.28422931776520743,0.0051301638997590295,0.0787873027941456,0.5545150501672241,0.9970555430489327,0.13797120745610386,0.8907248130600803,0.20824701192412517,0.0030149734652738834,0.0,0.0,0.0,0.0,0.0,0.0,0.0,0.0,0.0,0.0,0.0,0.0,0.0,0.0,0.0,0.0,0.0,0.0,0.0
Random 60%/40%,0.09412687518384155,0.7069219440353461,0.9931519163193593,0.1661330795189063,0.956100242368233,0.25636355001111216,0.006062641462774877,0.05013434294088911,0.5491638795986622,0.9953870458674707,0.09188070057635274,0.8898014807968084,0.16494048784187929,0.004146431456769252,0.0,0.0,0.0,0.0,0.0,0.0,0.0,0.0,0.0,0.0,0.0,0.0,0.0,0.0,0.0,0.0,0.0,0.0,0.0
Random 60%/40%,0.09363542352166965,0.7399702823179792,0.9929003627629677,0.16623550029208045,0.9564059416543033,0.26165168686393525,0.006268651030901483,0.050849567436360245,0.5464882943143813,0.9954726025372527,0.09304179478419314,0.8911219736566437,0.16572031402826745,0.004184961289524192,0.0,0.0,0.0,0.0,0.0,0.0,0.0,0.0,0.0,0.0,0.0,0.0,0.0,0.0,0.0,0.0,0.0,0.0,0.0
Random 60%/40%,0.10564069122921421,0.6694214876033058,0.9938113561508042,0.1824838073782033,0.9422171035728295,0.2643330196710986,0.005271272686604223,0.05570272259013981,0.5063545150501673,0.9961425595826882,0.10036460059661917,0.8774967179720518,0.1670215316627871,0.0033113608904078926,0.0,0.0,0.0,0.0,0.0,0.0,0.0,0.0,0.0,0.0,0.0,0.0,0.0,0.0,0.0,0.0,0.0,0.0,0.0
Random 50%/50%,0.08400137033230558,0.7090803932909197,0.9921140058258123,0.15020828228375396,0.9477301646823743,0.2423270931183819,0.006777138274240277,0.0489201468849194,0.525752508361204,0.9954549795687262,0.08951144516569867,0.8777873838542183,0.1593792818410205,0.004229113688995714,0.0,0.0,0.0,0.0,0.0,0.0,0.0,0.0,0.0,0.0,0.0,0.0,0.0,0.0,0.0,0.0,0.0,0.0,0.0
Random 50%/50%,0.09901800327332243,0.6871095968199886,0.9934277697053212,0.17309205350118018,0.9479741120210453,0.25923173115130416,0.0057801289542986495,0.07496194824961948,0.5270903010033445,0.9970350776661278,0.13125676688598317,0.8889759659191502,0.19798674756455323,0.0029364169821724786,0.0,0.0,0.0,0.0,0.0,0.0,0.0,0.0,0.0,0.0,0.0,0.0,0.0,0.0,0.0,0.0,0.0,0.0,0.0
Random 50%/50%,0.08799827313282486,0.7024698449167145,0.9925000056848285,0.15640386213952298,0.9474599553423962,0.24693129827462507,0.006292821197776161,0.04770100811408901,0.5190635451505017,0.995392162213172,0.08737262849743849,0.8898982030548365,0.15634591810201978,0.003938266935136369,0.0,0.0,0.0,0.0,0.0,0.0,0.0,0.0,0.0,0.0,0.0,0.0,0.0,0.0,0.0,0.0,0.0,0.0,0.0
Random 50%/50%,0.09596899224806202,0.7135446685878962,0.9930878169576162,0.16918346429791595,0.9495000897441604,0.26007708757683856,0.005902742396405403,0.07323681314029294,0.5785953177257525,0.996709621231243,0.13001653389448367,0.8847089466480933,0.2050441856979867,0.0033242085543144723,0.0,0.0,0.0,0.0,0.0,0.0,0.0,0.0,0.0,0.0,0.0,0.0,0.0,0.0,0.0,0.0,0.0,0.0,0.0
Random 50%/50%,0.09198966408268734,0.7043527416619559,0.992710912824291,0.16272691654695048,0.94606419314111,0.25286441084822064,0.006218087845210029,0.06639004149377593,0.5565217391304348,0.9964859232275273,0.11862835959221502,0.8859363615568013,0.1913687429128356,0.003524389445133576,0.0,0.0,0.0,0.0,0.0,0.0,0.0,0.0,0.0,0.0,0.0,0.0,0.0,0.0,0.0,0.0,0.0,0.0,0.0
Random 50%/50%,0.10566364029399049,0.6796440489432704,0.9937927356986768,0.18289306293496968,0.949976972984811,0.26640132518435683,0.0057954374228927595,0.07073386383731212,0.5351170568561873,0.9968150748009742,0.12495119094103865,0.8798958112638535,0.19373703475691087,0.003203591824506546,0.0,0.0,0.0,0.0,0.0,0.0,0.0,0.0,0.0,0.0,0.0,0.0,0.0,0.0,0.0,0.0,0.0,0.0,0.0
Random 50%/50%,0.09020262909434236,0.7009029345372461,0.9925773193532029,0.1598352744353645,0.9439285730783019,0.24973904699870317,0.0065343310082680225,0.06099052277590951,0.5337792642140469,0.9963096935422622,0.10947252898003977,0.8633751627340333,0.17954649799518763,0.0034769543413978882,0.0,0.0,0.0,0.0,0.0,0.0,0.0,0.0,0.0,0.0,0.0,0.0,0.0,0.0,0.0,0.0,0.0,0.0,0.0
Random 50%/50%,0.09574633842318479,0.6908375491849353,0.9930889539233276,0.16818337324666438,0.9487239510939779,0.2555332598967113,0.0060453871971229995,0.052734502314060364,0.5411371237458193,0.9956744139510241,0.09610358755048705,0.8833073665093754,0.16796877806629537,0.003958891754514564,0.0,0.0,0.0,0.0,0.0,0.0,0.0,0.0,0.0,0.0,0.0,0.0,0.0,0.0,0.0,0.0,0.0,0.0,0.0
Random 50%/50%,0.08869129046967625,0.6714614499424626,0.9928587183667715,0.15668635875402792,0.9519836382905317,0.24234321671040263,0.00615677754080648,0.05353430353430354,0.551170568561873,0.9956684448810392,0.09758986202404217,0.8887216637888904,0.17082145928397935,0.004022139216877145,0.0,0.0,0.0,0.0,0.0,0.0,0.0,0.0,0.0,0.0,0.0,0.0,0.0,0.0,0.0,0.0,0.0,0.0,0.0
Random 50%/50%,0.07945327968320878,0.7170028818443804,0.9915273315187361,0.14305427782888683,0.9342378157787115,0.2368901916466835,0.006748788624221599,0.05205310280950911,0.5638795986622074,0.9954510001887363,0.09530808366308649,0.8806551551375476,0.17035337290022312,0.003771711552679927,0.0,0.0,0.0,0.0,0.0,0.0,0.0,0.0,0.0,0.0,0.0,0.0,0.0,0.0,0.0,0.0,0.0,0.0,0.0
Oracle,0.07025348329696156,0.559866220735786,0.9966644268442152,0.12484152434931761,0.8912498936886945,0.19750135479636255,0.003149646454290934,0.07025348329696156,0.559866220735786,0.9966644268442152,0.12484152434931761,0.8912498936886945,0.19750135479636255,0.003149646454290934,0.0,0.0,0.0,0.0,0.0,0.0,0.0,0.0,0.0,0.0,0.0,0.0,0.0,0.0,0.0,0.0,0.0,0.0,0.0
Oracle,0.06122294536098078,0.5411371237458193,0.9962789954680547,0.11000067985587056,0.8887220566653175,0.18113205199541496,0.0033704610957981237,0.06122294536098078,0.5411371237458193,0.9962789954680547,0.11000067985587056,0.8887220566653175,0.18113205199541496,0.0033704610957981237,0.0,0.0,0.0,0.0,0.0,0.0,0.0,0.0,0.0,0.0,0.0,0.0,0.0,0.0,0.0,0.0,0.0,0.0,0.0
Oracle,0.0847810979847116,0.57123745819398,0.9971973795214284,0.14764868603042877,0.8857855030004075,0.2193262037396518,0.002755198973222326,0.0847810979847116,0.57123745819398,0.9971973795214284,0.14764868603042877,0.8857855030004075,0.2193262037396518,0.002755198973222326,0.0,0.0,0.0,0.0,0.0,0.0,0.0,0.0,0.0,0.0,0.0,0.0,0.0,0.0,0.0,0.0,0.0,0.0,0.0
Oracle,0.05305583085563264,0.537123745819398,0.9957295567880264,0.09657245941070355,0.8773302043694765,0.16785713467433008,0.003958981522999066,0.05305583085563264,0.537123745819398,0.9957295567880264,0.09657245941070355,0.8773302043694765,0.16785713467433008,0.003958981522999066,0.0,0.0,0.0,0.0,0.0,0.0,0.0,0.0,0.0,0.0,0.0,0.0,0.0,0.0,0.0,0.0,0.0,0.0,0.0
Oracle,0.09388477275240517,0.5678929765886288,0.9974873057778324,0.16113114442968304,0.8897486976443646,0.23020345181481977,0.0025765659508366263,0.09388477275240517,0.5678929765886288,0.9974873057778324,0.16113114442968304,0.8897486976443646,0.23020345181481977,0.0025765659508366263,0.0,0.0,0.0,0.0,0.0,0.0,0.0,0.0,0.0,0.0,0.0,0.0,0.0,0.0,0.0,0.0,0.0,0.0,0.0
Oracle,0.07758454106280194,0.537123745819398,0.9970896520202743,0.1355846348670325,0.888048507264589,0.20336284453888628,0.0029006068352174846,0.07758454106280194,0.537123745819398,0.9970896520202743,0.1355846348670325,0.888048507264589,0.20336284453888628,0.0029006068352174846,0.0,0.0,0.0,0.0,0.0,0.0,0.0,0.0,0.0,0.0,0.0,0.0,0.0,0.0,0.0,0.0,0.0,0.0,0.0
Oracle,0.07384183434721572,0.5277591973244147,0.9969864723819659,0.12955665024630544,0.883133895922169,0.19661446715267206,0.002907714903814224,0.07384183434721572,0.5277591973244147,0.9969864723819659,0.12955665024630544,0.883133895922169,0.19661446715267206,0.002907714903814224,0.0,0.0,0.0,0.0,0.0,0.0,0.0,0.0,0.0,0.0,0.0,0.0,0.0,0.0,0.0,0.0,0.0,0.0,0.0
Oracle,0.06150885296381832,0.534448160535117,0.9963369807193355,0.11032102174663444,0.8905239426945214,0.18042901256372032,0.003403602157925324,0.06150885296381832,0.534448160535117,0.9963369807193355,0.11032102174663444,0.8905239426945214,0.18042901256372032,0.003403602157925324,0.0,0.0,0.0,0.0,0.0,0.0,0.0,0.0,0.0,0.0,0.0,0.0,0.0,0.0,0.0,0.0,0.0,0.0,0.0
Oracle,0.09083054325521114,0.5625418060200669,0.9974213617665718,0.15640691835596057,0.8817020722873434,0.22533119694169687,0.002657618161034145,0.09083054325521114,0.5625418060200669,0.9974213617665718,0.15640691835596057,0.8817020722873434,0.22533119694169687,0.002657618161034145,0.0,0.0,0.0,0.0,0.0,0.0,0.0,0.0,0.0,0.0,0.0,0.0,0.0,0.0,0.0,0.0,0.0,0.0,0.0
Oracle,0.05876385769147163,0.5424749163879599,0.9961132827156198,0.1060407949790795,0.8834765112712895,0.17763921307836408,0.003544382044689793,0.05876385769147163,0.5424749163879599,0.9961132827156198,0.1060407949790795,0.8834765112712895,0.17763921307836408,0.003544382044689793,0.0,0.0,0.0,0.0,0.0,0.0,0.0,0.0,0.0,0.0,0.0,0.0,0.0,0.0,0.0,0.0,0.0,0.0,0.0
